"id","STATION NAME","LAT","LON","ALTITUDE","RECORD LENGTH","MEAN ANNUAL AIR TEMP","MEAN MONTHLY MAX TEMP","MEAN MONTHLY MIN TEMP","MEAN ANNUAL WIND SPEED","MEAN CLOUD COVER","MEAN ANNUAL SUNSHINE","MEAN ANNUAL RAINFALL","MAX MONTHLY WIND SPEED","MAX AIR TEMP","MAX WIND SPEED","MAX RAINFALL","MIN AIR TEMP","MEAN RANGE AIR TEMP"
"0","Aach","47.8413","8.8493","478","55","8.2","13.1","3.5","2","67","0","755","2","32.5","0","39","-16.3","9.6"
"1","Aachen","50.7827","6.0941","202","160","9.8","13.6","6.3","3","67","1531","820","3","32.3","30.2","36","-10.9","7.3"
"2","Großenkneten","52.9335","8.237","44","45","9.2","13.2","5.4","2","67","1459","759","3","32.4","29.9","32","-12.6","7.8"
"6","Albstadt-Badkap","48.2156","8.9784","759","30","7.4","12.2","3.3","2","66","1725","919","2","30.2","0","43","-15.5","8.9"
"8","Aldersbach-Kriestorf","48.6159","13.0506","340","64","8.4","13.4","3.9","1","65","1595","790","2","33","0","43","-19.2","9.5"
"9","Alfhausen","52.4853","7.9126","65","55","9.3","13.4","5.2","2","67","0","794","2","32.2","0","33","-13.3","8.2"
"10","Alsfeld-Eifa","50.7446","9.345","300","38","8.2","12.7","4.1","3","72","0","657","3","31.6","0","37","-15.2","8.6"
"12","Altastenberg","51.189","8.4671","780","67","5.1","8.9","2.2","3","72","1577","0","4","27.6","0","0","-15.7","6.7"
"14","Altenburg","50.9833","12.4333","213","67","8.4","12.9","4.2","2","66","1606","0","3","33.2","0","0","-17.5","8.6"
"18","Altglashütte","49.7725","12.3891","750","33","5.7","9.2","2.7","3","64","0","915","3","29","0","40","-17.2","6.5"
"19","Altomünster-Maisbrunn","48.406","11.3117","510","61","8","13","3.7","2","66","0","862","3","32.5","0","41","-19.4","9.3"
"20","Alzey","49.7273","8.1164","215","115","9.5","13.8","5.3","2","65","1597","526","2","33.5","0","31","-13.4","8.6"
"21","Amberg-Unterammersricht","49.4691","11.8546","383","103","7.9","12.5","3.6","1","66","1580","690","2","33.4","0","36","-17.2","9.2"
"24","Angermünde","53.0316","13.9907","54","108","8.4","12.9","4.3","2","68","1695","531","3","33","28.8","37","-16.1","8.5"
"25","Anklam","53.8412","13.6846","9","77","8.1","13.1","5.1","3","62","1619","553","3","32.6","0","32","-14.8","8"
"26","Annaberg-Buchholz","50.573","13.0053","630","85","6.4","10.6","2.9","3","66","1533","902","3","30.8","0","46","-18","7.8"
"29","Ansbach","49.2964","10.5751","413","95","7.5","12.2","3.3","2","65","1657","681","2","31.4","22.8","36","-17.3","9"
"31","Arkona","54.6792","13.4343","42","80","8.2","10.6","6","4","66","1840","543","5","26.8","35.5","33","-9.4","4.6"
"33","Arnis","54.6289","9.9294","3","76","8","11.7","5.1","2","63","0","726","2","28.7","0","41","-11.7","6.6"
"34","Arnsberg","51.3773","8.0713","218","131","8.6","12.9","4.5","2","69","1453","965","2","31.9","0","39","-15.2","8.4"
"35","Arnstein-Müdesheim","49.9695","9.9113","220","30","9.4","14.7","4.4","2","64","0","636","3","34.6","0","32","-14.4","10.3"
"36","Arolsen-Neu Berich","51.3845","9.082","232","59","8.2","12.1","3.6","2","70","0","700","2","31.5","18.2","37","-17.1","8.5"
"37","Artern","51.3745","11.292","164","62","9","13.4","5","3","69","1539","478","3","33.5","29.9","31","-15.3","8.4"
"38","Aschaffenburg","49.9778","9.1114","110","70","8.9","14","4.3","2","63","0","670","3","33.6","0","44","-11.1","9.3"
"41","Attenkam","47.8774","11.3642","672","78","7.8","12.7","3.5","2","63","1846","1089","3","31.6","0","52","-16.7","9.2"
"43","Aue","50.5907","12.714","387","135","8.1","13.2","4.3","2","69","1148","803","2","32.2","23","44","-16.6","9"
"44","Augsburg (Sankt Stephan)","48.3723","10.8948","490","93","8.1","12.5","4.2","2","61","0","822","3","31.8","0","42","-15.9","8.3"
"45","Augsburg","48.4254","10.942","461","70","8.3","12.9","4","2","67","1739","785","3","32.9","28","40","-16.8","9"
"46","Aurich","53.4621","7.467","4","119","8.5","12.4","4.9","3","72","1439","832","3","30.7","0","34","-12.7","7.5"
"47","Baden-Baden-Geroldsau","48.727","8.2458","240","135","9.6","14.3","5.4","2","65","0","1151","2","33.6","0","50","-12.2","8.9"
"48","Müllheim","47.8064","7.6387","273","135","9.7","14","5.9","2","63","1465","954","2","33.3","0","45","-12.5","8.1"
"50","Bamberg","49.8742","10.9206","240","67","8.9","13.8","4.2","2","68","1575","638","2","33.7","23.5","36","-17.8","9.6"
"52","Bamberg (Sternwarte)","49.88","10.88","282","79","8.3","13.2","4.1","2","68","1708","639","3","32.7","0","32","-17.1","9.1"
"55","Barth","54.3406","12.7108","3","79","8.2","11.8","4.8","3","67","1626","625","3","30.6","29.1","33","-14.1","7"
"57","Kubschütz. Kr. Bautzen","51.1605","14.5037","232","135","8.7","12.7","4.9","3","70","1447","633","4","33","0","39","-16","7.8"
"58","Heinersreuth-Vollhof","49.9667","11.5197","350","165","7.8","12.8","3.4","2","67","1571","685","2","33.2","19.9","37","-18.1","9.3"
"60","Bederkesa","53.6234","8.8323","27","34","8.5","12.2","5.1","3","67","808","903","4","31.1","0","38","-12.4","7.1"
"61","Beerfelden","49.5617","8.9673","450","85","8.3","12.2","4.9","2","72","1535","1061","3","31","17.2","47","-13.3","7.2"
"65","Bensheim","49.6789","8.6276","140","58","10.1","14.5","6","2","63","0","794","2","33.9","0","40","-12.3","8.5"
"68","Bergzabern. Bad","49.107","7.9967","252","89","10.1","14.2","6.1","2","62","1403","788","2","33.2","0","37","-11.1","8.1"
"70","Berleburg. Bad-Stünzel","50.9837","8.3679","610","30","6.9","10.3","3.6","2","71","1449","1066","2","29.1","0","41","-13.4","6.7"
"72","Berlin-Buch","52.6309","13.5022","60","65","9.1","13.5","5.4","2","67","1564","578","3","33.8","22.8","36","-14.3","8.1"
"73","Berlin-Dahlem (LFAG)","52.4564","13.2997","55","86","8.9","12.8","5","2","66","1378","587","3","32.8","3.8","34","-14.7","7.8"
"74","Berlin-Dahlem (FU)","52.4537","13.3017","51","297","9","13.3","5.2","2","65","1700","592","3","33.4","27.7","35","-13.9","8.1"
"85","Berlin-Schönefeld","52.3807","13.5306","46","59","9.1","13.6","4.9","3","66","1714","522","3","34","27.9","32","-15.4","8.7"
"87","Berlin-Tegel","52.5644","13.3088","36","55","9.7","13.5","5.8","3","66","1647","549","3","33.9","27.4","36","-14.4","7.7"
"89","Berlin-Tempelhof","52.4675","13.4021","48","78","9.6","13.4","5.8","3","66","1651","578","3","33.7","27.5","36","-13.7","7.6"
"91","Berlin-Zehlendorf","52.4289","13.2327","45","42","9.3","13.4","5.5","2","66","0","606","3","33.4","16.3","36","-13.9","7.9"
"92","Bernburg/Saale (Nord)","51.8218","11.7109","84","129","9","13.3","4.8","3","66","1536","469","4","33","0","32","-15","8.5"
"93","Bernkastel-Kues","49.9186","7.0664","120","100","10.2","14.6","6.1","1","70","1428","687","1","34.2","0","36","-11.4","8.5"
"94","Berus","49.264","6.6868","363","68","9.2","13","5.6","3","65","1628","778","4","31.8","31.5","37","-11.3","7.4"
"95","Warthausen-Birkenhard","48.1252","9.7639","599","105","7.6","11.8","3.5","2","70","1102","787","2","32.1","0","41","-17.5","8.3"
"96","Biedenkopf-Wallau","50.9275","8.4935","296","75","8","12.8","3.6","2","69","1415","850","2","32","0","35","-16.8","9.1"
"97","Bischbrunn","49.8747","9.4883","412","39","7.9","12.1","4.3","2","65","1531","959","3","31.3","0","43","-14.8","7.8"
"98","Bitterfeld","51.6333","12.3167","80","71","9.3","13.8","5.7","2","65","1566","520","3","34.4","27.3","36","-15.2","8.1"
"99","Blankenburg. Bad","50.6738","11.2805","254","39","7.7","13.3","3.7","0","0","0","577","0","33.5","0","33","-17.5","9.7"
"100","Blankenrath","50.0372","7.3079","417","89","8.2","12.1","4.3","2","70","1406","763","3","31.3","0","36","-14.3","7.8"
"103","Bocholt-Liedern (Wasserwerk)","51.8293","6.5365","23","60","9.6","13.6","5.6","2","69","1503","721","3","32","27.5","34","-11","8"
"104","Bochum","51.4789","7.2697","101","91","10.3","13.9","6.7","3","66","1396","798","4","32.7","29.1","38","-10.7","7.2"
"108","Boizenburg","53.3911","10.6878","45","69","8.7","12.9","5.1","3","68","1539","656","3","32.3","28.1","33","-13.5","7.8"
"110","Boltenhagen","54.0028","11.1908","15","69","8.7","11.8","5.6","3","66","1738","580","4","30.4","31.9","33","-12.1","6.2"
"112","Bonn-Friesdorf","50.7055","7.1467","62","68","9.9","14.1","6","2","71","1437","659","3","32.1","24","36","-11.9","8.1"
"115","Borgentreich-Bühne","51.5709","9.312","240","57","8.6","12.5","4.5","2","71","0","714","3","31.6","0","33","-15.6","8"
"117","Borkum-Süderstraße","53.5788","6.6703","12","125","9","11.4","6.8","4","66","1593","735","5","28","36.1","34","-7.6","4.7"
"121","Brande-Hörnerkirchen","53.8551","9.7152","9","43","8.5","12.6","4.7","2","72","1491","883","3","31.6","0","37","-15.1","8"
"122","Brandenburg-Görden","52.4136","12.5503","35","114","8.7","13.1","4.7","2","66","0","550","3","34.1","24.8","30","-15.9","8.5"
"124","Braunlage","51.7234","10.6021","607","85","6.2","9.8","2.8","2","70","1441","1236","3","28.6","26.4","54","-15.8","6.9"
"126","Braunschweig (T.H.)","52.2708","10.5334","75","72","8.9","13","5.3","3","64","1616","653","4","32.6","0","32","-14","7.8"
"127","Braunschweig","52.2914","10.4465","81","55","9.3","13.1","5.5","3","67","1583","622","3","32.6","27.5","34","-13.8","7.6"
"129","Bremen","53.045","8.7979","4","165","9","12.8","5.2","3","67","1532","674","4","31.6","29.5","32","-13","7.6"
"131","Bremerhaven","53.5332","8.5761","7","103","9.2","12.3","6.2","3","68","1547","736","4","30.9","31.5","33","-10.2","6.1"
"133","Bremervörde (A)","53.4779","9.1553","5","104","8.2","12.3","4.2","2","68","1469","758","3","31.6","25.3","33","-15.9","8.1"
"136","Eschbach","47.8858","7.6611","234","33","10.6","15.3","6.2","2","64","1587","697","3","34.3","27.4","38","-12.4","9.1"
"137","Bretten","49.025","8.6991","181","122","9.2","14.6","5","2","67","1739","780","2","33.9","0","43","-14.6","9.6"
"138","Brilon","51.3873","8.5737","443","114","7.4","11.2","3.9","3","68","0","1066","4","30.2","0","43","-14.6","7.2"
"139","Brocken","51.7986","10.6183","1134","120","2.9","5.6","0.4","6","79","1399","1626","7","23.9","52.4","63","-16.5","5.1"
"140","Brombachtal-Kirch-Brombach","49.7345","8.9557","290","34","8.7","13.1","4.5","2","74","0","870","3","32","0","40","-15.5","8.6"
"141","Brotterode","50.8282","10.454","600","76","5.9","10.2","1.6","2","69","0","1066","3","29.5","0","42","-19.6","8.5"
"142","Brücken","49.6303","7.1148","390","137","7.5","12.1","3.1","2","68","0","913","2","30.6","0","43","-16.3","9"
"144","Buchen. Kr. Neckar-Odenwald","49.5182","9.3213","340","135","8.1","12.8","3.6","2","67","1577","766","2","32.3","0","37","-16.7","9.2"
"148","Bückeburg","52.2817","9.0889","68","37","10.2","13.6","6.2","3","68","1362","678","3","33","29","39","-13.1","7.4"
"150","Bühlertal","48.6957","8.1744","190","94","9.5","14.8","6","2","65","0","1223","3","33.6","0","56","-12.3","8.8"
"153","Schlüsselfeld (Kläranlage)","49.745","10.6434","290","73","8.3","13.2","3.7","2","63","0","698","2","33.4","0","36","-17.7","9.5"
"154","Burgwald-Bottendorf","51.0306","8.8146","293","64","7.9","12.5","3.6","2","70","0","720","2","31.7","0","38","-17","8.9"
"157","Celle (Stadt)","52.6146","10.0726","38","38","8.7","12.8","4.3","3","68","1282","699","3","31.9","0","33","-16.2","8.5"
"158","Celle","52.5959","10.0296","39","37","9.9","13.4","5.5","2","69","1494","655","3","32.8","26.5","34","-13.8","7.9"
"159","Pemfling-Pitzling","49.2504","12.604","389","83","7.9","12.2","3.9","2","67","1604","696","2","31.7","0","36","-16.8","8.3"
"160","Chemnitz","50.7913","12.872","418","135","8.1","12.2","4.3","3","67","1542","741","4","31.5","31.4","42","-16.4","7.9"
"162","Clausthal-Zellerfeld","51.7904","10.347","585","131","6.2","9.4","2.9","3","69","1330","1318","3","28.2","0","50","-16.1","6.4"
"164","Lautertal-Oberlauter","50.3067","10.968","344","133","8","12.6","3.8","2","67","1538","695","2","33","23.5","35","-16.3","8.8"
"165","Collmberg","51.3","13.0167","314","41","8","11.4","5.2","4","67","1480","0","5","31","38.4","0","-15.1","6.3"
"166","Cottbus (Flugplatz)","51.7667","14.2833","68","64","8.6","0","0","2","68","0","0","3","0","0","0","0","0"
"167","Cottbus","51.776","14.3168","69","128","8.9","13.2","4.7","2","65","1652","571","3","33.5","27.1","38","-16.7","8.6"
"168","Crailsheim-Alexandersreut","49.0985","10.0979","423","105","8.3","12.8","4","2","67","1083","798","2","32.6","0","38","-17.8","8.8"
"169","Crimmitschau","50.8149","12.3821","269","85","8","12.3","3.8","3","61","1587","612","3","33","0","38","-17.5","8.4"
"170","Cuxhaven","53.8713","8.7058","5","94","9.1","12","6.5","3","68","1667","810","4","30","32.7","33","-9.7","5.3"
"174","Darmstadt-Botanischer Garten","49.8697","8.6796","169","43","9.3","13.7","5.2","1","62","0","702","2","32.8","0","35","-15","8.6"
"176","Dessau","51.8512","12.2515","60","63","8.9","13.3","4.6","0","0","0","536","0","34.3","0","0","-12.4","8.7"
"177","Deuselbach","49.7619","7.0541","480","77","7.8","12.1","4.6","3","70","1567","760","4","30.7","29.2","37","-12.6","7.1"
"179","Diepholz","52.5881","8.3424","39","76","9.3","13.2","5","3","63","1226","688","3","32.2","27.3","32","-14","8.2"
"181","Diesbar-Seußlitz","51.2401","13.4166","100","54","8.8","13.4","4.5","2","67","0","562","3","33.5","0","37","-16.8","8.8"
"183","Dillenburg","50.7364","8.2672","314","69","8.5","13.3","3.8","1","72","1397","797","2","32.3","0","36","-15.7","9.5"
"184","Dillingen/Donau","48.5701","10.4985","420","70","8.4","13.2","4.2","2","65","0","746","2","32.6","0","37","-16.3","8.8"
"186","Dippoldiswalde-Reinberg","50.9117","13.7087","365","62","7.8","12.3","3.5","2","67","0","768","3","32.2","0","44","-18.6","8.9"
"188","Doberlug-Kirchhain","51.6451","13.5747","97","80","8.9","13.6","4.5","3","67","1605","564","3","33.5","27.2","36","-17.4","9.1"
"189","Döbeln","51.1333","13.1167","201","85","8.1","13.3","4.2","2","61","0","0","3","33.6","0","0","-18.3","8.6"
"190","Dömitz","53.1399","11.2544","15","63","8.3","12.7","3.9","0","0","0","580","0","30.9","0","35","-14.2","8.8"
"191","Donaueschingen","47.9422","8.5046","677","123","6.7","11.6","1.8","1","65","1593","774","2","30.3","0","40","-19.8","9.8"
"192","Dortmund","51.512","7.5345","120","101","9.5","13.4","5.8","2","69","1357","802","3","32.1","0","36","-12.5","7.7"
"193","Dresden (Mitte)","51.0557","13.7274","112","34","9.5","12.8","5.5","2","66","0","653","3","31.3","0","48","-14.2","7.2"
"194","Dresden-Klotzsche","51.128","13.7543","227","81","8.9","13","5.3","3","68","1548","648","3","32.9","28.3","41","-15.4","7.6"
"195","Dresden-Hosterwitz","51.0221","13.847","114","92","9.4","14.1","5.2","2","68","1465","651","3","33.8","0","41","-15.8","8.8"
"196","Dresden-Strehlen","51.024","13.7737","119","81","9.3","14","5.2","2","65","1452","643","2","34.1","0","45","-15.7","8.9"
"199","Dürkheim. Bad","49.4719","8.1929","107","64","10.3","14.7","5.7","2","62","0","543","2","33.9","0","33","-13","9"
"200","Dürkheim. Bad (Saline)","49.4686","8.1797","115","71","10.1","15.6","6.1","2","66","0","564","3","34.7","0","40","-11.6","9.5"
"201","Dürrenberg. Bad","51.3043","12.081","103","36","8.5","13.2","5","2","63","0","500","3","32.3","0","35","-15.5","8.2"
"202","Düsseldorf","51.296","6.7686","37","77","10.6","14.7","6.5","3","65","1534","745","3","33.9","28.5","33","-11.5","8.1"
"203","Düsseldorf-Südfriedhof","51.1998","6.7574","37","61","10.4","14.3","6.5","2","65","1397","740","2","33","0","35","-10.5","7.8"
"205","Duisburg-Laar","51.4634","6.7321","21","57","10.7","14.5","7.1","2","69","0","812","3","33.1","0","39","-9.3","7.1"
"207","Eberbach (LUBW)","49.46","8.9584","131","55","9.3","14.4","5.1","1","70","0","1010","1","33.2","0","43","-14.2","9.3"
"209","Ebersberg-Halbing","48.1002","11.9872","592","79","8.3","12.9","4.4","2","62","0","1039","2","32","18","49","-15.3","8.5"
"210","Eberswalde","52.8239","13.7979","45","74","8.2","13.9","5","0","0","0","568","0","34.2","0","25","-15.6","8.9"
"211","Ebrach","49.852","10.499","346","53","8.1","13","3.5","1","65","0","803","2","32.8","0","37","-17.2","9.5"
"215","Eichstätt-Landershofen","48.8777","11.2349","384","61","8.2","13.1","3.6","2","68","0","732","2","32.6","0","35","-17.2","9.5"
"217","Einbeck","51.8189","9.8871","123","40","8.8","13.1","4.6","2","73","1330","660","2","32.1","0","34","-17.4","8.5"
"218","Eisleben-Helfta","51.5029","11.5705","146","97","8.5","12.8","4.3","2","66","1442","489","3","32.3","0","32","-16","8.5"
"219","Elgersburg","50.7041","10.8576","518","37","6.7","10.7","3.3","2","69","1671","730","3","30.9","0","37","-16.4","7.4"
"220","Ellwangen-Rindelbach","48.9895","10.1312","460","85","8","13.1","3.4","1","64","1566","829","2","32.8","0","39","-17.7","9.7"
"222","Elsdorf/Erftkreis","50.9281","6.5646","85","53","10","14.3","5.8","2","64","1467","704","3","32.8","0","35","-12.4","8.5"
"223","Elsfleth","53.2346","8.4612","1","84","8.5","12.3","4.7","2","66","1512","716","3","30.6","0","34","-13.4","7.6"
"224","Elster. Bad-Sohl","50.2705","12.2742","560","135","6.6","11.4","2.5","2","71","1358","764","2","31.5","0","39","-19.4","8.9"
"226","Emden-Nesserland","53.3449","7.1909","5","143","8.7","12.1","5.5","3","68","1497","739","4","30.6","31.8","31","-10.1","6.6"
"228","Emmendingen-Mundingen","48.1378","7.8351","201","41","10.1","15.2","5.4","1","67","0","861","2","33.9","0","42","-13.6","9.8"
"230","Ems. Bad","50.3324","7.6975","90","50","9.6","14","5.5","1","72","0","733","2","32.7","0","34","-12.9","8.4"
"231","Engelskirchen","50.9884","7.425","144","46","8.9","13.6","4.5","2","69","1332","1174","2","31.9","0","44","-14.4","9.1"
"233","Eningen","48.4734","9.3028","705","56","6.5","11.4","2.7","2","66","1606","940","3","30.2","0","53","-19.1","8.8"
"235","Eppingen","49.1307","8.9165","210","55","9.6","14","5.5","2","63","0","762","2","33","0","41","-14.9","8.6"
"238","Erfde","54.2992","9.3162","18","59","8.5","12.2","5.1","2","66","1583","820","3","30.7","0","35","-12.3","7.1"
"239","Erfurt-Weimar","50.9829","10.9608","316","128","8.2","12.5","4","3","67","1635","533","3","32.4","27.4","36","-16.4","8.4"
"242","Möhrendorf-Kleinseebach","49.6497","11.0074","268","96","8.8","13.7","4.4","2","66","1560","675","2","33.6","0","39","-16","9.2"
"245","Eschenbach/Oberpfalz","49.7522","11.8222","470","58","7.6","11.9","3.5","2","65","0","737","2","31.7","0","36","-17.3","8.4"
"246","Eschwege","51.2041","10.0138","156","69","9","13.3","4.7","1","69","1368","616","2","32.8","0","36","-15.6","8.6"
"248","Eslohe","51.254","8.1565","351","85","7.7","12.4","3.2","2","68","0","1102","3","31.2","0","42","-18.3","9.2"
"249","Essen-Bredeney","51.4041","6.9677","150","129","9.7","13.3","6.3","3","69","1499","914","3","31.9","28","37","-10.5","7"
"250","Weilerswist-Lommersum","50.7119","6.791","146","79","9.8","14.1","5.7","2","67","1479","587","3","33.3","0","34","-13.4","8.4"
"251","Eutin","54.134","10.5865","50","122","8.1","11.8","4.7","3","67","0","729","4","30.7","0","34","-13.1","7.1"
"252","Falkenberg.Kr.Rottal-Inn","48.4832","12.724","472","80","8.6","12.6","4.6","2","62","0","820","3","32.2","0","43","-14.7","8"
"256","Feldberg/Schwarzwald","47.8749","8.0038","1490","95","3.5","6.3","1","4","70","1646","1774","6","23.5","47","65","-16.9","5.4"
"257","Fichtelberg/Oberfranken-Hüttstadl","49.9807","11.8376","654","70","6.1","10.2","2.7","2","68","0","1123","3","29.7","21.5","46","-16.3","7.5"
"258","Fichtelberg","50.4283","12.9535","1213","126","3.1","6.2","0.4","5","74","1462","1126","6","25.1","41.1","47","-18","5.8"
"261","Flensburg (Schäferhaus)","54.7737","9.3752","41","119","8.1","11.3","4.6","3","66","1544","778","3","28.7","29.6","37","-14.8","6.8"
"266","Birx/Rhön","50.5309","10.048","745","130","5.6","9.2","2.2","2","65","0","939","3","28.9","0","36","-14.6","7"
"267","Frankfurt/Main","50.0259","8.5213","100","81","9.8","14.2","5.4","2","67","1620","642","3","34","25.8","34","-13","8.8"
"269","Frankfurt/Main-Westend","50.1269","8.6694","124","31","11","15","7.3","1","64","268","635","2","34.6","0","31","-9.5","7.7"
"270","Frankfurt/Main (Feldbergstr.)","50.1213","8.6601","109","204","9.8","14.1","6.1","2","64","1519","631","3","33.3","0","35","-12.8","8"
"271","Frankfurt/Oder","52.3397","14.508","65","133","8.6","12.7","4.8","2","67","1586","531","3","33.3","29.7","39","-16.2","8.2"
"273","Freiamt-Ottoschwanden","48.2018","7.9336","481","32","9.7","13.3","6.5","2","62","1680","1019","2","31.4","0","46","-11.1","6.8"
"274","Freiberg","50.9263","13.2711","416","112","7.6","11.3","4.2","3","61","0","785","3","31.5","0","43","-18.1","7.2"
"275","Freiburg","48.0233","7.8344","236","148","10.4","14.8","6.7","2","68","1757","912","3","34.5","27.3","43","-11.3","8.5"
"276","Freiburg im Breisgau-Herdern","48.013","7.8588","255","51","10.3","14.6","5.7","1","66","0","951","1","33.4","0","44","-12.2","8.8"
"277","Freiburg/Elbe","53.8277","9.2493","2","46","8.9","12.6","5.3","3","66","1193","827","3","31.3","0","33","-12.2","7.3"
"278","Freudenstadt","48.4537","8.4091","796","68","6.8","10.7","3.5","2","67","1702","1575","3","29.5","29","68","-14.5","7.2"
"280","Friedrichsbrunn","51.6884","11.0394","523","40","6.6","10.5","2.9","2","64","1492","708","3","29.5","0","46","-16.6","7.6"
"281","Friedrichshafen","47.6454","9.4795","394","127","8.8","12.9","4.9","2","68","1631","971","2","31.5","23.4","48","-13.4","8"
"282","Malsburg-Marzell-Friedrichsheim","47.7819","7.7348","852","75","7","10.8","4","2","61","0","1600","2","28.9","0","62","-13.8","6.9"
"283","Friesoythe-Altenoythe","53.0643","7.9022","6","89","9","13","5","2","70","1347","764","3","31.7","27.5","34","-13","8.1"
"285","Fuchskauten","50.6588","8.1027","653","55","6.3","9.4","3.4","3","71","1575","1030","4","27.6","0","40","-14.6","6.4"
"286","Fürth/Bayern (A)","49.4811","10.964","313","34","8.3","13.3","3.4","2","65","1504","586","3","33","0","41","-16.6","9.9"
"287","Fulda-Horas","50.5668","9.6533","242","130","8.1","12.7","3.8","1","70","1354","647","2","32.2","14.5","33","-17.3","9"
"288","Gardelegen","52.5129","11.3941","47","145","8.7","13.1","4.2","2","68","1529","559","3","33.2","27.5","31","-17","8.9"
"289","Garmisch-Partenkirchen","47.4831","11.0623","719","127","6.9","12.7","2.4","1","67","1624","1316","1","31.4","17.9","55","-18.3","10.3"
"290","Gartz/Oder","53.2066","14.3817","13","60","6.8","3.3","0","2","57","0","513","2","20.5","0","34","-17.8","7.3"
"291","Geisenheim","49.9859","7.9549","110","132","9.9","14.4","5.7","2","67","1617","530","2","33.5","25.2","30","-11.9","8.7"
"296","Geldern-Walbeck","51.4942","6.2463","37","80","10","14","6.2","2","63","1610","746","3","32.8","0","34","-10.1","7.8"
"297","Gelnhausen","50.2027","9.1989","190","75","9.2","13.9","5.2","2","67","0","770","2","32.5","0","33","-14.4","8.7"
"298","Ohlsbach","48.4329","7.9931","176","128","9.8","14.7","5.8","1","65","0","1011","2","34.1","0","45","-11.7","8.9"
"299","Genthin","52.3875","12.1601","35","63","9.1","13.4","4.5","2","66","1405","505","3","33.8","25.7","30","-16.2","8.8"
"300","Gera-Leumnitz","50.8813","12.1289","311","64","8.3","12.6","4.5","3","69","1632","612","3","32.8","29.9","42","-16.6","8.2"
"301","Gernrode","51.7259","11.1317","210","58","8.9","13","4.5","3","64","0","562","3","32.5","0","40","-16.7","8.5"
"302","Gernsheim","49.7611","8.4876","90","49","10.2","14.8","6","1","64","1573","654","2","34.3","0","38","-13.4","8.8"
"304","Gießen (Lahntal)","50.591","8.6551","158","49","8.6","12.8","4","1","66","0","600","2","31.6","0","31","-16.3","8.9"
"305","Gießen/Wettenberg","50.6017","8.6439","203","115","9.2","13.4","5","2","68","1583","624","2","32.9","27.2","33","-13.9","8.4"
"306","Gilserberg-Moischeid","50.9656","9.05","340","68","7.9","12.2","3.6","2","66","0","727","2","31.2","0","35","-16.6","8.6"
"308","Glückstadt","53.797","9.4295","1","125","8.8","12.5","5.4","2","66","1608","744","3","31.4","0","33","-13","7.1"
"309","Görlitz","51.1622","14.9506","238","135","8.4","12.6","4.7","3","68","1724","681","4","32.4","29.5","40","-17.3","8"
"310","Gößweinstein","49.7656","11.3061","443","90","7.5","11.9","3.4","2","65","0","873","2","31.2","0","40","-18.4","8.5"
"311","Göttingen","51.5003","9.9506","167","159","8.7","13","4.5","2","70","1500","608","3","32.7","25.8","35","-16","8.5"
"312","Goldberg","53.606","12.1033","58","69","8.4","12.1","4.7","3","68","1486","559","3","31.4","28.6","30","-15","7.4"
"314","Grainet-Rehberg","48.7893","13.6291","628","59","7.2","12","3.2","1","64","1669","1081","2","31.3","0","45","-16.8","8.7"
"315","Grambek","53.5731","10.6797","27","79","8.5","12.7","4.4","2","66","1421","678","3","32.1","0","32","-15.1","8.3"
"316","Grebenhain-Herchenhain","50.4788","9.262","608","84","6.6","9.9","3.7","2","68","0","1247","3","28.5","0","49","-14.2","6.2"
"317","Greifswald","54.0967","13.4056","2","118","8.3","11.9","4.9","3","65","1692","581","3","31","28.5","32","-14.3","7"
"318","Greifswald-Wieck","54.1","13.45","2","38","7.9","11.6","4.8","3","68","1684","0","4","30.3","31","0","-14.7","6.7"
"319","Greifswalder Oie","54.2437","13.9102","12","69","9.1","11.3","7.1","4","60","1632","505","5","26.9","31.8","34","-8.4","4.2"
"320","Greiz","50.65","12.2","284","61","8","12.4","3.5","0","0","0","0","0","33.6","0","0","-18.3","8.8"
"323","Groß Lüsewitz","54.0714","12.3238","34","49","8.3","12.2","4.5","3","66","1622","612","3","31.4","29","32","-15.4","7.7"
"324","Großer Arber","49.113","13.1342","1436","34","3.4","6.5","0.8","4","68","1571","1444","5","25.6","39.6","65","-17.3","5.7"
"325","Grosser Falkenstein","49.0851","13.2801","1307","36","3.4","7.1","0.8","3","67","1673","1301","4","26.3","18.9","56","-18","6.3"
"326","Grosser Inselsberg","50.8519","10.4665","913","91","4.1","6.9","1.4","4","75","1405","0","5","26.1","0","0","-16","5.5"
"330","Grünow","53.3153","13.9338","56","43","8.9","12.2","4.6","3","69","1356","452","4","32.4","29","34","-15.1","7.6"
"331","Gschwend. Kr. Ostalb","48.9354","9.7364","492","52","8","12.6","3.7","1","64","0","1054","2","31.7","0","44","-16.8","8.9"
"332","Güstrow-Schabernack","53.7667","12.2167","30","52","7.9","12.4","4.3","0","0","0","0","0","32.6","0","0","-17","8"
"333","Rheda-Wiedenbrück-Lintel","51.8771","8.3577","72","167","9.1","13.3","5.3","2","66","1155","758","3","32.6","0","35","-13","8"
"335","Halle-Kröllwitz","51.5138","11.9499","93","164","9","13.3","5.2","2","59","1328","454","3","32.8","23.6","34","-14.6","8.1"
"336","Halle (Stadt)","51.4831","11.9671","102","115","9.2","13.3","5.4","2","62","1709","482","2","33.1","0","36","-14.7","8"
"337","Olsdorf","49.9445","6.3821","328","80","8.8","13.3","4.4","2","69","0","790","2","31.9","0","36","-14.2","8.9"
"338","Hamburg-Bergedorf","53.4793","10.2415","35","50","8.4","12.9","4.7","2","71","1655","711","3","33","0","34","-13.9","8.2"
"340","Hamburg-Fuhlsbüttel","53.6332","9.9881","11","80","8.9","12.7","5","3","69","1569","756","4","32","27.5","35","-14","7.7"
"341","Hamburg-Kirchwerder","53.4213","10.1462","2","69","9","12.9","5.1","2","65","0","679","3","32.3","0","32","-13.6","7.8"
"342","Hamburg-Neuwiedenthal","53.4777","9.8957","3","59","9.4","13.1","5.7","2","68","0","720","3","32.5","0","35","-12.8","7.4"
"344","Hamburg-Sankt Pauli","53.5467","9.9662","47","45","9.4","12.6","6.3","3","68","1499","752","4","31.3","33.2","32","-10.8","6.3"
"345","Hamburg-Wandsbek","53.5853","10.1293","18","55","9","12.6","5.6","2","69","1387","790","3","31.6","0","34","-12.2","7"
"346","Hameln","52.0848","9.3896","68","80","9.3","13.3","5.4","2","69","0","720","2","32.2","25.5","34","-13.6","7.8"
"348","Hankensbüttel","52.7199","10.5987","108","33","8.3","12.7","4.3","2","69","0","709","3","32","0","36","-15.3","8.4"
"349","Hannover","52.4644","9.6779","55","160","9.1","13.3","5.1","3","69","1558","649","3","32.4","27.7","34","-14.6","8.2"
"351","Harzgerode","51.652","11.1367","404","127","6.9","11.2","2.8","2","66","1489","590","3","30.6","27.2","36","-17.8","8.5"
"354","Hausstein","48.8629","13.067","648","59","7.3","11.4","3.9","2","61","1586","1406","2","31","0","68","-14.1","7.5"
"355","Hechingen","48.3751","8.9801","522","135","8.3","13.2","3.7","1","62","1702","803","2","32.7","0","44","-16.2","9.5"
"356","Weddingstedt","54.2181","9.0853","10","66","8.4","12","4.9","2","66","0","849","3","30.6","0","36","-13.4","7.1"
"357","Heidelberg","49.4206","8.6676","110","141","10.6","14.7","7","2","65","1514","753","2","34.3","0","37","-11.2","7.7"
"358","Königstuhl","49.3981","8.7251","561","78","7.5","10.8","4.6","2","66","1744","930","3","29.4","0","48","-14","6.3"
"360","Heidenheim/Brenz","48.6765","10.1307","498","154","7.4","12.2","2.8","1","67","1285","817","2","31.5","0","38","-19.5","9.4"
"361","Heidenrod-Mappershain","50.1691","7.9949","496","56","7.5","11.3","4.4","2","67","1484","839","2","29.7","0","42","-13.9","6.8"
"362","Heilbronn","49.1448","9.2333","167","131","9.9","14.5","5.7","2","62","0","721","2","34","0","37","-12.9","8.8"
"363","Heinsberg-Schleiden","51.0411","6.1042","57","79","10.2","14.3","6.1","2","68","0","693","3","33.3","0","34","-10.8","8.2"
"364","Helgoland","54.175","7.892","4","135","8.9","10.8","7.1","4","67","1715","726","5","24.3","34.9","33","-5.3","3.7"
"365","Helmstedt","52.2164","11.0219","140","112","8.7","12.7","4.8","2","66","1556","612","3","32.6","0","34","-14.3","7.9"
"366","Helse. Kr. Dithmarschen","53.9701","9.0095","2","51","8.4","12","5.1","3","63","1531","795","3","30","20.8","34","-13.2","6.9"
"367","Herford","52.1264","8.6865","77","126","9.1","13.4","5.3","2","69","1500","795","2","32.7","0","36","-13","8.1"
"368","Herleshausen","51.0048","10.1705","215","53","8","12.4","3.9","2","70","0","652","2","32.5","0","37","-16.8","8.5"
"371","Herrnhut","51.0167","14.75","344","39","7.7","11.6","4.1","2","78","258","700","3","31.3","23.1","40","-16.8","7.6"
"372","Niederwörresbach","49.7672","7.3356","302","64","8.2","13.2","3.5","2","65","0","707","3","32.1","0","34","-15.4","9.6"
"373","Hersfeld. Bad","50.8519","9.7378","272","85","8.6","13.2","4.2","2","70","1415","694","2","33","24.6","35","-15.6","9"
"374","Herten","51.589","7.1548","60","31","10.3","14.3","6.3","1","71","0","940","2","33.3","0","38","-11","8"
"377","Hiddensee-Vitte","54.575","13.1044","1","85","8.6","11.9","6.3","3","63","0","596","4","29.5","0","35","-10.8","5.6"
"378","Hildesheim","52.1408","9.8838","117","103","9","13","5.1","2","65","0","673","3","31.9","0","36","-15","7.9"
"379","Hilgenroth","50.7371","7.6528","295","85","8.7","12.9","4.8","2","64","0","994","2","32","0","38","-14.1","8"
"381","Hinterhermsdorf","50.9167","14.3667","385","103","6.8","11","2.8","2","75","1372","851","3","30.9","0","45","-18.6","8.5"
"383","Höllenstein (Kraftwerk)","49.1279","12.8645","403","80","6.9","11.8","2.6","1","65","0","859","2","31.4","0","41","-20.4","9.2"
"384","Bertsdorf-Hörnitz","50.899","14.7457","270","135","8.1","12.9","3.9","2","70","1659","626","2","32.2","24.2","43","-18.9","9"
"385","Hof (Stadt)","50.323","11.9077","474","57","7.2","11.5","2.8","2","70","0","693","2","31.8","0","35","-20.2","8.6"
"386","Hof","50.3122","11.8761","565","70","6.6","10.9","2.9","2","69","1593","718","3","30.9","27.2","36","-18.4","8"
"387","Hofgeismar-Beberbeck","51.5337","9.4786","242","66","7.8","11.9","3.9","1","71","1230","802","2","31.1","0","37","-18.1","8"
"388","Hofheim","50.1352","10.5156","263","70","8.5","13.1","3.9","2","63","0","640","2","33","0","32","-17","9.2"
"390","Hohenpeißenberg","47.8009","11.0108","977","235","6.3","10.2","3.3","3","66","1816","1046","4","28.4","38.5","46","-15.8","6.9"
"392","Hohn","54.3146","9.539","10","80","8.3","11.7","4.3","3","67","1523","780","3","31","28.8","33","-14.2","7.4"
"393","Hohwacht","54.3194","10.6732","8","39","8.9","12.1","5.7","2","60","0","684","3","30","0","34","-10.9","6.4"
"396","Holzkirchen","47.8823","11.6962","685","64","7.3","12.4","3.1","2","65","0","1304","3","31.4","0","52","-16.4","9.3"
"397","Bevern. Kr. Holzminden","51.8529","9.4953","110","82","9","13.4","5","2","69","1107","766","3","32.5","0","34","-13.9","8.3"
"398","Homberg/Ohm","50.7316","9.0032","250","50","8.3","12.8","4.1","1","69","0","735","2","31.5","0","34","-16.3","8.8"
"399","Homburg/Saar","49.3283","7.3561","235","50","9","13.9","4.6","1","64","0","865","2","33.1","0","38","-14.1","9.3"
"402","Hornisgrinde","48.6136","8.2034","1119","68","4.7","8.2","2.2","3","70","1544","1995","4","27","0","76","-15.7","6.1"
"404","Hüll","48.6018","11.6769","438","52","7.4","12.5","2.3","2","64","1619","810","2","31.5","0","42","-22","10.2"
"405","Hümmerich","50.5651","7.4843","328","34","8.8","12.5","5.4","2","69","0","792","2","30.7","0","37","-10.9","7.1"
"406","Husum","54.4752","9.0564","3","93","8","11.5","4.7","3","67","1572","788","4","30.3","27.8","35","-13.5","6.8"
"409","Ilsenburg","51.8667","10.6833","260","63","7.5","11.7","3.6","0","0","0","0","0","32.6","0","0","-16.8","8"
"411","Ingolstadt (Flussmeisterstelle)","48.7662","11.4539","360","41","8.4","13.3","3.6","1","63","1673","659","2","33.8","0","36","-17.8","9.7"
"414","Iserlohn-Westig","51.3768","7.7644","230","47","8.7","12.7","4.8","2","63","1304","921","2","31.3","0","38","-14.6","7.9"
"417","Jena (Sternwarte)","50.9251","11.583","155","192","8.8","13.7","4.5","2","68","1461","580","2","33.5","15.5","35","-17.6","9.2"
"418","Jessen/Elster","51.7954","12.9583","77","47","9","14.3","5.6","2","64","0","537","3","35.1","0","31","-14.5","8.7"
"419","Jever","53.5322","7.8806","7","132","8.5","12.3","5.1","3","66","1556","784","4","30.7","30.1","34","-12.5","7.1"
"420","Jork","53.5316","9.6752","1","54","8.2","12.6","4.4","2","66","1496","721","3","31","26.2","34","-15.1","8.1"
"421","Jülich (Forsch.-Anlage)","50.9104","6.4093","91","32","10.1","14.5","6.2","2","67","1558","700","3","33.2","27.8","32","-11.1","8.3"
"422","Jüterbog","52.0006","13.1022","75","56","8.5","13.2","4.4","1","60","1697","555","2","32.7","0","37","-16.4","8.7"
"423","Kahl/Main","50.0643","8.993","107","121","9.6","14.6","5.2","2","67","0","678","2","34.3","0","33","-13.4","9.4"
"424","Kahler Asten","51.1803","8.4891","839","97","5.1","8.2","2.5","4","75","1380","1422","4","27.3","33.6","47","-14.9","5.8"
"426","Kaiserslautern","49.4262","7.7557","271","135","8.9","13.4","4.7","2","69","1383","681","2","32.3","22.7","32","-14.1","8.7"
"427","Kaisheim-Neuhof","48.7701","10.7876","516","108","7.3","12.1","3.2","2","65","0","766","2","31.2","0","36","-16.6","8.9"
"429","Kall-Sistig","50.5014","6.5264","505","69","7.6","11.6","4.1","2","70","1530","812","3","30.2","27","38","-13.9","7.5"
"431","Kaltennordheim","50.6266","10.1455","487","52","6.8","10.6","2.9","2","72","1427","749","3","29.3","27.5","35","-17.9","7.7"
"432","Kamenz","51.2667","14.0833","270","40","8.4","12.1","4.5","0","0","0","706","0","32.1","0","38","-17.7","7.6"
"433","Karlshuld","48.6765","11.2961","374","99","7.6","13.1","2.5","2","68","1528","683","2","32.1","0","40","-20.1","10.5"
"434","Karlsruhe","49.0382","8.3641","112","157","10.2","14.6","6","2","66","1734","794","3","33.6","27.9","40","-13.6","8.6"
"435","Kassel","51.2963","9.4424","231","62","9.1","13.2","5.4","2","70","1482","685","2","32.5","24.1","35","-13.5","7.8"
"436","Kassel-Harleshausen","51.334","9.4506","198","114","8.6","12.5","4.8","2","73","1418","620","3","31.8","0","32","-14.4","7.7"
"437","Kaufbeuren","47.8652","10.6007","716","77","7.2","12","2.6","2","68","0","1124","2","31","10.8","56","-18.4","9.4"
"438","Kaufering","48.0916","10.8609","585","40","8.1","12.5","4.1","1","68","1518","980","2","31.6","0","50","-16.4","8.5"
"440","Kempten","47.7233","10.3348","705","65","7.2","12.5","2.7","2","66","1751","1238","2","31","24.2","52","-20.1","9.8"
"441","Kiel-Holtenau","54.3761","10.1433","27","30","9.3","12.9","5.9","3","66","1555","733","3","30.2","28.6","38","-10","7"
"442","Kiel-Kronshagen","54.3378","10.0929","17","108","8.1","11.3","5.2","3","68","1609","729","3","29.9","26.7","33","-12.5","6.7"
"444","Kirchdorf/Poel","53.9995","11.4341","12","151","8.4","12","5.4","3","63","0","547","4","31.5","0","35","-12","6.6"
"445","Kissingen. Bad","50.2241","10.0792","282","135","8.5","13.4","4.1","2","68","1520","700","2","33.5","22.8","33","-15.2","9.3"
"446","Kitzingen","49.7363","10.1781","188","76","9.4","14.3","4.9","2","63","0","580","2","35","0","32","-13.9","9.3"
"447","Kleiner Feldberg/Taunus","50.2218","8.4469","826","111","5.6","8.8","3","3","71","1426","956","4","27.4","28.5","40","-14.5","5.8"
"452","Kleve","51.7612","6.0954","46","165","9.4","13.6","5.6","2","67","1395","774","3","32.1","0","35","-10.4","8"
"453","Klippeneck","48.1054","8.7549","973","89","6.4","10.3","3.2","3","65","1787","857","3","29.3","32.2","43","-15.3","7.1"
"455","Knittlingen","49.0265","8.7554","200","56","9.5","14.4","4.8","1","64","0","761","2","33","0","38","-14.7","9.6"
"456","Koblenz-Horchheim","50.3369","7.5992","85","95","10.6","14.6","6.6","1","74","0","630","2","33.5","0","36","-10.7","8"
"457","Köln-Botanischer Garten","50.9615","6.9712","45","133","10.3","14.1","6.7","2","67","1394","700","3","33.4","0","35","-10.9","7.4"
"458","Köln-Bonn","50.8646","7.1575","92","59","10.1","14.5","5.6","2","68","1515","797","3","33.4","26.3","36","-13.3","9"
"459","Königshofen. Bad","50.284","10.4456","288","69","8.5","13.3","3.6","2","64","926","611","2","33","0","32","-18.1","9.6"
"462","Kösching","48.8302","11.4872","416","55","8.3","12.9","4.4","2","74","1678","705","3","32.8","0","33","-15.8","8.5"
"463","Kösen. Bad","51.1329","11.7252","136","76","8.9","13.7","5","2","63","1573","549","3","32.3","0","35","-14.8","8.8"
"465","Köthen (Anhalt)","51.7511","12.0094","76","93","9","13.5","4.8","2","67","0","516","3","34.1","0","34","-14.8","8.8"
"467","Konstanz","47.6774","9.1901","442","44","9.6","14","6","2","71","1661","836","2","32.8","26.7","46","-9.9","8"
"469","Kronach","50.2523","11.3209","312","69","8.4","12.9","4","2","74","1359","790","2","33.1","0","37","-16.6","8.9"
"470","Krumbach-Edenhausen","48.251","10.4163","520","41","7.6","12.3","3.2","2","69","1583","918","2","31.3","0","45","-18.9","9.1"
"473","Künzelsau","49.2795","9.6925","225","49","8.8","14","4.4","1","64","0","853","2","33.2","0","38","-15","9.6"
"477","Kyritz","52.9363","12.4093","40","129","8.5","13.3","4.6","3","71","1324","551","3","34","28.2","32","-14.1","8.7"
"479","Lahr","48.3647","7.828","155","67","10.5","15.1","6.2","2","67","1769","853","2","34.3","25.4","38","-12.4","9"
"480","Merklingen","48.5121","9.7645","685","67","7","11.3","3","2","66","1644","944","2","30.2","0","42","-17.6","8.3"
"483","Landsberg/Lech","48.0349","10.8709","602","41","7.2","11.4","2.7","1","66","0","1027","2","30.8","0","49","-18.7","8.7"
"484","Landshut","48.5357","12.1132","393","127","7.8","13","3.1","2","65","1463","715","2","32.3","0","39","-16.9","9.9"
"486","Langensalza. Bad","51.1173","10.6568","175","77","8.9","13.7","4.1","0","0","0","541","0","33.1","0","34","-17","9.6"
"487","Langeoog","53.7445","7.4775","5","56","8.8","11.2","6.1","4","69","1530","743","4","28.7","0","31","-9.1","5.1"
"489","Lauchstädt. Bad","51.3912","11.8785","119","58","9.2","13.4","5","2","65","1482","476","3","33.1","0","35","-15.6","8.4"
"490","Lauda-Königshofen-Gerlachsheim","49.5781","9.7142","199","37","9","13.9","4.3","1","65","0","643","2","33.4","0","37","-17.4","9.6"
"493","Leck (A)","54.775","8.9808","5","30","7.5","11.2","4.2","2","68","1652","855","3","28","0","37","-14.5","7"
"494","Leck","54.7903","8.9514","7","42","8.4","11.8","4.7","3","66","1503","778","4","29.4","30.3","32","-13.6","7.2"
"499","Leinefelde","51.3933","10.3123","356","59","7.9","11.9","4.3","2","71","1551","682","3","31.3","26.5","33","-15.5","7.6"
"500","Leipzig-Holzhausen","51.3151","12.4462","138","165","9.1","13.1","5.2","2","66","1533","606","2","32.8","24.5","37","-15","7.9"
"502","Leipzig/Halle","51.4348","12.2396","131","82","9.1","13.3","5.1","3","66","1612","511","4","33.2","28.8","33","-14.8","8.1"
"503","Lennestadt-Theten","51.1334","8.0352","286","54","8.4","13","4.2","2","70","1383","1031","3","32.3","0","38","-15.2","8.8"
"504","Lenningen-Schopfloch","48.5396","9.5275","758","151","7.1","10.7","4","3","67","1753","1025","3","29.3","0","45","-14.4","6.7"
"505","Lensahn","54.219","10.8844","14","44","8.7","12.2","5.2","2","67","0","700","3","30.3","0","34","-12.7","7"
"508","Leunawerke","51.3167","12.0333","92","37","9.8","13.7","6.1","2","62","1667","0","3","33.9","0","0","-15.1","7.6"
"509","Köln-Stammheim","50.9894","6.9777","43","113","10.5","14.3","6.7","2","68","1420","715","3","33.2","0","34","-9.7","7.6"
"512","Liliental","48.0674","7.677","284","41","8.9","13.8","4.7","2","63","1395","823","2","32.1","0","39","-13.8","9.1"
"513","Limburg/Lahn-Offheim","50.4116","8.0605","185","52","9.4","14.2","5","1","65","1428","643","2","33","0","33","-14.1","9.2"
"514","Limburgerhof","49.4111","8.398","96","33","9.8","15","5.4","2","62","1827","574","2","34.9","0","32","-13.3","9.7"
"515","Lindenberg","52.2085","14.118","98","110","8.8","13","4.9","3","66","1657","556","3","33.5","27.7","33","-15.3","8.1"
"517","Lindenfels-Winterkasten","49.7117","8.7804","445","82","8.4","12","5","2","65","0","1117","2","30.8","0","47","-13.2","6.9"
"518","Lingen","52.5181","7.3081","22","161","9.2","13.3","5.6","2","69","1437","751","3","32.1","27.7","35","-11.1","7.7"
"519","Lippspringe. Bad","51.7855","8.8388","157","65","9.2","13.2","5.5","2","70","1464","912","3","32.4","27.3","38","-13.7","7.7"
"520","Lippstadt-Bökenförde","51.6336","8.3945","92","36","9.9","14.1","5.6","2","67","1548","780","2","33.2","0","36","-12.9","8.5"
"521","List auf Sylt","55.011","8.4125","26","79","8.7","11.1","6.5","4","67","1744","698","5","27.6","36.9","33","-8.6","4.6"
"522","Lobenstein. Bad","50.4505","11.635","500","78","6.6","12.5","3.3","2","59","0","800","3","33.1","0","39","-16.6","9.3"
"524","Löningen","52.7198","7.7472","22","135","8.8","13","4.7","2","74","1319","744","3","31.9","23.7","36","-13.1","8.3"
"526","Lohr/Main-Steinbach","50.0103","9.61","161","102","8.5","14.1","4.5","1","67","1525","771","2","34.1","0","37","-16","9.7"
"527","Lorch/Rhein","50.0352","7.8197","100","40","9.3","14.2","4.9","1","67","0","602","2","32.9","0","35","-14.5","9.2"
"528","Ludwigshafen-Mundenheim","49.4606","8.4246","95","62","10.3","14.6","6.1","2","60","1649","597","3","34.4","0","36","-12.7","8.9"
"529","Lübben","51.9333","13.8833","56","39","8.9","13.6","4.7","2","66","0","0","4","34","0","0","-9.4","9"
"531","Lübeck","53.8773","10.6915","15","35","8.3","12","5","3","67","1627","644","3","30.8","31","30","-12.7","7"
"532","Lübeck-Blankensee","53.8025","10.6988","16","77","8.7","13.5","4.8","2","66","1507","656","3","33.5","27.6","34","-14.3","8.6"
"533","Lübeck-Werft","53.8953","10.704","5","92","8.3","12","4.8","3","63","0","633","4","31","0","29","-14.1","7.3"
"534","Lüchow","52.9724","11.1374","17","62","8.9","13.1","4.5","2","69","1577","539","3","32.5","26.9","33","-15.2","8.5"
"535","Lüdenscheid (Zeppelin-Gymnasium)","51.2131","7.6359","444","73","7.8","11.4","4.8","3","72","1398","1235","3","30.4","34.3","45","-12.5","6.6"
"537","Lüdinghausen","51.7694","7.4128","58","46","9.6","13.8","5.2","2","68","1425","803","3","32","0","35","-12.9","8.6"
"538","Lüneburg","53.2657","10.424","11","142","8.6","12.7","4.6","2","66","1556","620","3","32.1","24.4","30","-14.8","8.2"
"540","Magdeburg","52.1029","11.5827","76","182","9.1","13.4","5","2","66","1634","505","3","33.4","27.1","31","-14.9","8.5"
"542","Mainz-Lerchenberg (ZDF)","49.9656","8.2139","195","135","10.1","14.2","6.2","1","66","1472","559","2","33.9","22.6","30","-11","8"
"544","Mallersdorf-Pfaffenberg/Niederbayern","48.7726","12.2177","418","65","8.2","12.8","3.9","2","66","0","660","2","32.2","0","36","-18","8.9"
"545","Manderscheid-Sonnenhof","50.1015","6.8009","413","79","8","12.2","4.1","2","66","1484","884","2","31.2","0","36","-13.6","8.3"
"546","Manschnow","52.5468","14.5452","12","31","9.3","13.5","4.8","3","66","1647","464","3","33.9","27","32","-15.5","8.8"
"548","Cölbe. Kr. Marburg-Biedenkopf","50.8492","8.7746","187","135","8.6","12.8","4.4","2","66","1361","662","2","32.6","0","32","-14","8.4"
"549","Marienberg","50.651","13.1469","639","60","6.7","10.7","3.2","2","72","1329","853","3","29.8","26.4","44","-17.9","7.5"
"550","Marienberg. Bad","50.662","7.9602","547","54","7.1","10.5","4.2","3","72","1471","1109","3","29","26.3","43","-12.9","6.3"
"551","Marienleuchte","54.4937","11.2405","5","103","8.1","10.6","5.4","0","0","0","549","0","0","0","30","0","5.3"
"552","Marnitz","53.3223","11.9319","81","135","8.1","12.3","4.5","2","69","1503","660","3","32.3","26.1","34","-15.1","7.8"
"555","Mayen","50.3249","7.23","230","43","9.1","13.6","4.8","2","65","0","582","3","32.7","0","31","-13.6","8.9"
"557","Meersburg","47.6985","9.2753","460","96","8.9","12.8","5.2","1","66","0","845","2","31.6","0","48","-12.3","7.6"
"560","Meiningen","50.5612","10.3771","450","138","7.7","11.9","3.7","2","70","1519","660","3","31.6","26.2","31","-15.1","8.1"
"561","Garsebach bei Meißen","51.1294","13.4327","157","60","8.8","13.2","4.8","3","60","0","629","4","33","0","40","-16","8.3"
"563","Memmingen","47.982","10.1384","615","77","7.7","12.3","3.6","2","67","1617","974","2","31.9","22.4","49","-17.1","8.8"
"567","Mergentheim. Bad-Neunkirchen","49.4773","9.7622","250","135","8.9","13.8","4.5","2","67","930","672","2","34","0","35","-16.5","9.4"
"569","Metten","48.8548","12.9187","313","110","8","13.1","3.4","1","69","1722","936","2","32.7","0","42","-18","9.7"
"576","Mittenwald-Buckelwiesen","47.4779","11.2653","981","115","6.8","12.2","2.5","1","63","0","1381","2","31","0","61","-16.9","9.8"
"577","Modautal-Neunkirchen","49.7328","8.7771","508","61","7.8","10.7","4.9","3","66","0","953","3","28.8","0","41","-13.4","5.8"
"581","Montabaur","50.4383","7.8061","265","78","8.6","13.2","4","2","68","0","797","2","32.6","0","37","-16.1","9.2"
"584","Mühldorf","48.2791","12.5024","406","63","8.2","13.2","3.6","2","68","1700","865","2","32.4","27.7","46","-19.4","9.6"
"586","Müncheberg","52.5176","14.1232","63","87","8.7","13.1","4.6","2","69","1670","543","3","33.4","24.1","38","-16.7","8.4"
"587","München-Stadt","48.1631","11.5429","515","62","9.5","13.6","5.5","2","65","1735","955","2","33","28.1","52","-13.8","8.1"
"588","München-Bogenhausen","48.1441","11.6","521","152","7.4","12.3","4.2","1","66","1781","830","2","31.4","0","45","-13.7","8.1"
"589","München-Botanischer Garten","48.1635","11.5019","515","75","8","12.7","3.9","2","65","1642","920","2","31.8","0","48","-17.4","8.8"
"590","München-Nymphenburg","48.166","11.5011","515","44","8","12.6","3.7","2","65","1675","930","2","31.6","0","46","-17","8.9"
"592","München-Riem","48.1369","11.7094","529","53","7.7","12.5","3.3","2","66","1668","941","3","31.6","28.1","50","-18.7","9"
"593","Münsingen-Apfelstetten","48.3851","9.4837","750","135","6.6","11.2","2.3","2","65","1593","895","3","30.7","24.3","39","-18.8","8.9"
"594","Münster","51.9494","7.5906","62","138","9.2","13.3","5.4","2","66","1499","740","3","32.1","26.8","33","-12.6","7.9"
"595","Murrhardt","48.9729","9.5708","344","79","8.4","13.6","3.8","1","67","1568","1079","2","32.8","0","48","-15.4","9.9"
"596","Muskau. Bad","51.566","14.7009","125","80","8.6","13.3","4.1","2","64","1704","642","3","33.6","0","38","-17.8","9.2"
"597","Nagold","48.5667","8.7184","380","71","8","13.8","3.1","1","68","0","789","2","32.7","0","41","-17.2","10.6"
"598","Nauheim. Bad","50.3574","8.7506","148","115","9.2","13.5","5.1","2","64","0","589","3","32.6","0","32","-13.3","8.4"
"599","Neubrandenburg","53.5468","13.1914","81","78","8.1","12","4.7","3","67","1549","500","4","31.6","32.7","33","-14.7","7.3"
"602","Neudenau","49.2931","9.2722","212","56","9.7","14.5","5.4","1","59","0","786","2","34","0","36","-14.2","9.1"
"603","Neuenahr. Bad-Ahrweiler","50.5346","7.0853","111","87","9.9","14.8","5.3","1","65","1431","650","2","33.9","0","35","-13","9.1"
"606","Neuhaus am Rennweg","50.5002","11.1344","845","125","5.5","9.2","2.4","3","72","1492","1166","3","29","28","50","-15.1","6.6"
"609","Neukirchen-Hauptschwenda","50.8923","9.405","500","126","6.9","10.6","3.4","3","68","1313","801","3","30.2","0","36","-15.7","7.3"
"611","Neumünster","54.0873","9.9791","26","151","8.3","12.3","4.6","2","66","1570","779","3","31.6","0","36","-13.8","7.7"
"613","Neunkirchen-Seelscheid-Meisenbach","50.8956","7.3081","185","30","8.9","12.9","5.3","2","67","0","950","3","30.8","0","38","-13","7.6"
"614","Neunkirchen-Wellesweiler","49.3436","7.2295","236","63","9.6","14.4","5","1","63","0","848","2","33.4","0","37","-13","9.3"
"615","Neuruppin","52.9037","12.8072","38","77","8.7","13","5.2","2","65","1645","533","3","32.1","27.4","31","-14.7","7.8"
"616","Neustadt/Aisch","49.5728","10.6001","315","56","8.3","13","4","2","68","1594","669","3","32.9","0","35","-17.2","9"
"618","Neustadt/Weinstraße","49.357","8.1405","163","57","10.1","14.6","5.9","2","66","1643","641","2","33.2","26.6","36","-12.2","8.6"
"620","Neustrelitz","53.3585","13.0502","64","95","8","12.2","3.9","2","68","1619","605","3","31.7","29.1","32","-18.1","8.3"
"622","Nidderau-Windecken","50.2335","8.8923","180","47","9.8","14","5.8","2","68","0","655","2","33.4","0","32","-12.9","8.2"
"624","Niederelbert","50.4107","7.808","250","37","8.6","13.4","4.3","1","67","0","951","2","32.8","0","39","-16","9.2"
"626","Niederstotzingen","48.5334","10.243","451","53","7.5","12.3","2.8","2","67","0","701","3","31.1","0","35","-19.7","9.5"
"627","Nienburg","52.6711","9.2229","25","119","9.2","13.3","5.2","2","66","1337","689","3","32.8","0","34","-13.6","8.2"
"628","Reimlingen","48.8254","10.5066","435","116","8.3","12.9","3.9","2","67","1472","638","2","32.4","0","35","-17.9","9"
"630","Norderney","53.7123","7.1519","11","119","9.1","11.5","6.8","4","67","1675","720","5","29.8","33.8","33","-8.2","4.6"
"632","Nordhorn-Blanke","52.4124","7.064","24","71","9.5","13.7","5.7","2","66","0","789","3","32.4","0","34","-12.1","7.9"
"633","Nürburg","50.3391","6.9501","627","64","6.7","10.1","3.8","3","69","1383","841","4","28.5","29.4","39","-13.6","6.3"
"635","Nürnberg-Buchenbuehl","49.5008","11.107","335","93","8.4","12.9","4","2","67","406","662","2","32.2","0","38","-17.8","8.9"
"636","Nürnberg-Netzstall","49.4258","11.2538","368","41","8.7","13.6","3.8","1","64","0","742","2","33.4","0","40","-16.4","9.8"
"637","Nürnberg","49.503","11.0549","314","83","8.9","13.3","4.1","2","67","1707","627","3","33.8","26.2","36","-16.5","9.2"
"638","Nürtingen","48.6321","9.3261","280","36","8.7","14","3.8","1","68","1494","789","2","33","0","41","-16.6","10.3"
"640","Kiefersfelden-Gach","47.6187","12.1666","518","69","7.8","13.2","3.5","2","65","1467","1345","2","32.1","0","65","-18.2","9.7"
"642","Oberschleißheim","48.2443","11.5528","484","84","7.7","13.2","3.2","1","66","1596","876","2","32.4","22.1","45","-18.9","9.5"
"643","Oberstdorf","47.3986","10.276","806","130","6.1","12.1","1.2","1","65","1602","1740","1","30.8","23","64","-21.6","10.9"
"646","Oberviechtach","49.4521","12.4366","596","68","7.2","11.5","3.2","2","66","497","788","2","31","0","35","-17.2","8.3"
"651","Öhringen","49.207","9.5175","276","70","9.5","14.2","5.3","2","64","1739","805","2","33.6","27.2","39","-14.3","8.8"
"652","Offenbach/M. (Stadt)","50.0946","8.7546","110","92","9.9","14","6","2","67","1559","623","2","32.7","21.1","33","-10.6","8.1"
"653","Offenburg","48.4593","7.9255","153","45","10.4","14.9","6.4","2","68","0","892","2","33.8","0","38","-13.1","8.5"
"655","Oldenburg (A)","53.1018","8.2516","5","116","8.6","12.6","4.8","2","70","1462","729","3","31","29.4","32","-13.5","7.8"
"657","Oschatz","51.296","13.0928","150","75","9","13.8","5.1","3","64","1707","582","3","34.1","28.1","38","-16","8.7"
"658","Osnabrück","52.2553","8.0534","95","58","9.4","13.2","5.8","2","69","1446","826","3","32","28.5","41","-12.4","7.4"
"660","Osterfeld","51.0873","11.9292","246","32","8.5","12.2","4.8","3","72","1249","446","3","32.6","29","36","-13.9","7.5"
"662","Ostheim v.d. Rhön","50.4538","10.2211","312","44","8.3","13","3.7","2","67","0","605","2","33.1","0","30","-15.8","9.4"
"663","Oy-Mittelberg","47.6383","10.4313","1010","72","6.6","10.3","3.1","2","63","0","1610","3","28.3","0","60","-16.5","7.2"
"666","Parsberg/Oberpfalz-Eglwang","49.151","11.6896","549","67","7.7","11.9","3.9","2","62","1716","795","3","31.8","0","38","-15.5","7.9"
"668","Passau-Oberhaus","48.5779","13.4694","409","51","8.1","12.8","4","1","67","1697","928","2","31.4","27.2","41","-16.6","8.8"
"671","Perl-Besch","49.5114","6.3857","175","55","9.9","14.6","5.4","2","63","0","736","2","32.9","0","33","-12.7","9.1"
"672","Perl-Nennig","49.5356","6.3804","152","51","9.9","14.5","5.2","2","65","1475","702","2","33.3","0","32","-12.5","9.4"
"674","Pforzheim-Eutingen","48.9059","8.7412","246","106","9","14","4.6","2","63","1588","783","2","32.7","0","40","-14.3","9.3"
"676","Pfullendorf","47.9344","9.2869","630","58","7.2","11.8","3","2","68","1506","840","3","30.6","0","42","-17.8","8.8"
"677","Philippsburg","49.2511","8.4415","100","37","10.2","14.7","5.9","2","64","0","743","3","33.8","0","36","-13","8.7"
"678","Pirmasens","49.1912","7.5879","385","79","8.6","13","4.5","1","65","0","867","2","32","0","38","-13","8.5"
"679","Plauen","50.4819","12.13","386","135","8","12.3","3.8","2","67","1400","611","3","32.2","26.8","37","-18","8.5"
"680","Plön (See)","54.159","10.402","24","47","8.2","11.6","5.2","2","67","1565","683","3","29.5","0","34","-12.4","6.4"
"681","Pommelsbrunn","49.5058","11.5142","368","44","7.6","12.6","3.6","2","65","0","933","2","32.3","0","40","-17.1","9"
"683","Potsdam","52.3813","13.0622","81","123","8.8","13.3","4.9","3","67","1718","587","4","33.8","31.1","36","-15.1","8.3"
"685","Puch","48.1877","11.2206","550","44","7.8","12.3","4.2","2","70","1711","930","3","31.5","0","46","-16.3","8.1"
"686","Putbus","54.3643","13.4771","40","163","7.8","10.9","4.9","3","70","1462","595","3","29.2","29.4","34","-11.6","6"
"688","Quedlinburg","51.7954","11.1319","142","129","8.9","13","4.5","2","67","1506","479","3","32.5","22.6","35","-14.7","8.5"
"690","Quickborn (Kurzer Kamp)","53.7276","9.9071","27","31","8.3","12.3","4.2","2","66","1580","773","2","31","0","35","-15.1","8"
"691","Quickborn","53.7331","9.8776","13","42","8.3","12.3","4","2","68","1262","694","3","31","26.5","39","-14.3","8.3"
"692","Radolfzell-Markelfingen","47.7458","9.0007","407","44","9.2","13.6","5.2","2","69","0","796","2","31.5","0","44","-13.2","8.3"
"693","Rahden-Kleinendorf","52.4461","8.5906","40","67","9.3","13.5","5.3","2","67","1280","677","3","33.1","0","33","-13.5","8.2"
"696","Rastenberg","51.1765","11.4183","200","67","8.6","13.3","4.4","1","64","0","583","2","33.5","0","35","-16.8","8.9"
"697","Rauschberg bei Ruhpolding","47.7327","12.6827","1640","36","3.7","7.4","0.8","2","63","1662","1897","3","25.5","0","65","-17.5","6.5"
"698","Weingarten. Kr. Ravensburg","47.8062","9.6206","440","98","8.6","13.4","4.4","2","67","1702","947","2","32.8","23.9","45","-15.5","9.2"
"700","Regensburg","49.0424","12.1021","365","135","8.3","12.9","4.1","2","67","1651","619","2","33.3","27.5","33","-15.9","8.9"
"701","Reichenhall. Bad","47.7238","12.874","470","110","8.3","13.5","4","1","65","1503","1558","2","32.7","0","68","-18","9.5"
"702","Marienberg-Reitzenhain","50.5602","13.2222","764","81","4.6","8.6","0.6","3","69","0","888","3","28.3","0","45","-21.3","8.1"
"708","Rheinau-Memprechtshofen","48.6703","7.9939","131","87","10","15","5.6","1","68","1615","890","2","34.1","0","43","-13.8","9.4"
"710","Rheinfelden","47.559","7.7721","282","63","10.4","15.1","6.3","2","66","1631","992","2","34.3","6.5","43","-11.3","8.8"
"711","Rheinstetten","48.9726","8.3301","116","72","9.9","14.5","5.3","2","72","1612","789","2","33.7","26.3","41","-13.6","9.1"
"713","Rodewisch","50.5263","12.4091","464","43","7.4","11.7","3.5","2","71","1393","786","2","31.4","0","44","-17.8","8.2"
"715","Roetgen","50.6407","6.2058","440","58","7.8","11.5","4.4","3","67","0","1076","3","29.4","0","50","-13.8","7.1"
"716","Rosenheim","47.8754","12.128","444","66","8.6","13.7","4.2","2","66","1604","1093","2","32.9","0","51","-17.6","9.5"
"717","Rostock-Warnemünde","54.1803","12.0808","4","93","8.7","11.9","5.9","3","69","1747","592","4","31.6","31.7","32","-11.2","6"
"718","Rotenburg (Wümme)","53.1288","9.3398","32","85","8.8","12.9","4.9","2","67","1404","752","3","32.1","29.9","35","-14.3","8"
"719","Roth bei Nürnberg","49.2511","11.0934","340","68","8.4","13.4","3.7","2","62","0","703","2","33.7","0","36","-17.9","9.7"
"721","Rothenburg ob der Tauber","49.3848","10.1732","415","69","8.5","13","4.4","2","66","0","680","3","32.8","0","36","-16","8.6"
"722","Rothenfelde. Bad","52.1039","8.1809","95","39","9","12.8","5","2","62","1423","833","2","31.6","0","32","-13.2","7.5"
"724","Rottweil","48.1814","8.6356","588","105","7.6","12.8","3","1","68","1600","794","2","31.8","0","39","-17.7","9.8"
"725","Kreuznach. Bad","49.8502","7.871","102","85","9.8","14.3","5.5","2","66","1507","520","2","33.8","0","31","-12.9","8.8"
"727","Ruppertsecken","49.6467","7.8835","461","47","8.8","12.4","5.6","2","61","0","663","3","32","0","36","-12","6.8"
"731","Saarbrücken-Ensheim","49.2128","7.1077","320","67","9.3","13.2","5.4","2","67","1674","844","3","31.8","27.2","37","-12.2","7.9"
"732","Saarbrücken-Sankt Johann","49.2231","7.0168","193","65","10.3","14.3","5.8","1","67","1458","800","2","32.6","0","36","-11.6","8.5"
"734","Saldenburg-Entschenreuth","48.7832","13.3146","456","31","7.9","12.9","3.4","2","68","1695","1081","2","32.4","0","49","-17.3","9.5"
"735","Salzgitter-Ringelheim","52.0355","10.3054","138","53","8.9","13","5","2","69","1437","692","3","32.3","0","38","-16.1","8.2"
"737","Salzuflen. Bad","52.1042","8.7521","135","85","9.3","13.3","5.6","2","70","1496","799","3","32.3","26.3","35","-13","7.6"
"738","Salzwedel","52.8568","11.143","23","30","8","12.8","4.2","2","68","1527","552","3","32.2","0","33","-17.6","8.6"
"739","Sandberg","50.3519","10.0032","510","51","8","11.5","4.9","2","68","0","947","3","31.1","0","42","-12.9","6.5"
"740","Sankt Peter-Ording","54.3279","8.603","5","67","8.8","11.7","5.9","3","69","1620","808","4","30","33.5","34","-11.3","5.7"
"743","Sassendorf. Bad-Ostinghausen","51.6334","8.1872","81","32","9","13.3","4.9","3","68","1517","741","3","32.3","0","32","-15.6","8.4"
"744","Schaafheim-Schlierbach","49.9195","8.9671","155","37","9.9","14.5","5.4","2","65","1662","631","3","33.8","0","31","-13.4","9.1"
"745","Schallstadt-Mengen","47.9556","7.7134","212","58","10.2","15.2","5.9","2","68","0","754","3","34.5","0","41","-13.8","9.2"
"751","Wernigerode-Schierke","51.7658","10.6533","609","84","5.7","10","1.7","2","73","1368","1257","3","29.1","0","53","-18.1","8.4"
"752","Schleiz","50.5679","11.8041","501","80","7.7","11.6","4","3","74","1323","585","3","32","27.5","42","-14.6","7.6"
"753","Schleswig","54.5275","9.5486","42","69","8.4","11.8","5.1","3","69","1621","893","3","29.6","29.8","36","-11.8","6.7"
"754","Schleswig-Stadtfeld","54.5227","9.5649","19","92","7.9","11.3","4.7","2","71","0","828","3","28.8","0","42","-13.9","6.6"
"755","Schlossböckelheim","49.7961","7.7583","170","59","9.2","13.9","4.9","2","64","1513","556","2","33","0","32","-15.3","8.9"
"756","Schlüchtern-Kloster Gomfritz","50.3849","9.5358","375","31","7.6","11.5","3.6","2","72","0","936","2","30.5","0","37","-17.1","7.8"
"757","Schlüchtern-Herolz","50.3447","9.5534","230","31","9.1","14","4.5","1","66","0","821","2","33.4","0","35","-14.3","9.5"
"760","Schmatzfeld","51.8833","10.7667","198","65","8.3","12.7","4.4","0","0","0","567","0","31.6","0","38","-18.6","8.2"
"761","Schmelz-Hüttersdorf","49.422","6.8396","223","36","9.2","13.9","4.8","2","64","0","1047","2","32.5","0","39","-13.6","9.1"
"762","Schmücke","50.6546","10.7693","937","129","4.6","7.9","1.8","3","74","1339","1294","4","27.1","31.2","53","-15.4","6"
"763","Schnarrtanne-Vogelsgrün","50.5","12.45","708","106","5.6","9.6","2.1","2","65","1406","887","3","29","0","54","-17.9","7.5"
"764","Schneifelforsthaus","50.2968","6.4194","649","128","6.4","10.2","3.2","3","67","0","1110","4","29","0","41","-13.4","7"
"766","Schopfheim-Eichen","47.6463","7.8439","400","121","8.8","14.1","4.7","1","63","0","1248","2","32.9","0","46","-14.7","9.5"
"768","Schotten","50.4925","9.1226","265","115","8.6","12.6","4.9","2","68","1431","909","2","32","0","41","-13.5","7.7"
"771","Schwäbisch Gmünd-Strassdorf","48.7768","9.8025","415","66","8.7","14","4.7","1","62","0","965","2","32.9","0","43","-15.6","9.3"
"775","Schwandorf","49.3278","12.0871","356","68","8.3","13.2","3.8","2","66","1484","671","2","33.5","0","35","-17.4","9.4"
"779","Schwarzenberg","50.5513","12.7678","418","42","6.8","11.3","1.8","2","66","1425","828","3","30.3","0","38","-20.8","9.5"
"780","Schweinfurt-Gartenstadt","50.0575","10.216","240","57","9","13.7","4.9","2","65","0","600","2","33.7","0","35","-14.8","9"
"781","Schwerin","53.6425","11.3872","59","126","8.4","12.2","4.9","3","67","1591","606","4","31.6","31.5","34","-13.5","7.3"
"783","Seehausen","52.8911","11.7297","21","40","9","13.5","4.7","3","68","1590","550","3","33.7","27.8","31","-15.1","8.7"
"785","Seesen","51.904","10.1885","186","80","8.5","12.4","4.7","2","69","1376","830","2","31.9","0","40","-15.5","7.7"
"786","Segeberg. Bad","53.9278","10.2993","49","92","7.9","11.4","4.1","2","67","1530","728","3","30","0","34","-15.4","7.3"
"787","Selb/Oberfranken-Wildenau","50.1969","12.1727","611","79","6.2","10.6","1.7","2","67","1420","724","2","30.6","0","36","-20.2","9"
"788","Siegen (Kläranlage)","50.8534","7.9966","229","121","8.5","13.1","4.3","2","70","0","1080","2","32.5","0","41","-14.6","8.8"
"789","Sigmaringen-Laiz","48.0719","9.1942","580","128","7.2","12.3","2.8","1","66","0","767","2","31.8","0","38","-17.7","9.6"
"792","Simbach/Inn","48.2719","13.0273","360","35","9","13.6","4.7","2","65","1696","912","2","33.2","0","49","-15.7","9"
"793","Simmern-Wahlbach","49.9996","7.5981","445","69","8.4","12.2","4.6","2","66","0","664","3","31.1","0","33","-14.2","7.6"
"796","Solingen-Hohenscheid","51.14","7.093","154","95","9.1","12.8","5.9","3","70","0","1085","3","31.6","0","42","-11.4","6.9"
"797","Soltau","52.9604","9.7931","76","90","8.6","12.9","4.5","2","69","1507","772","3","32.4","27.2","35","-14.7","8.4"
"798","Sondershausen","51.352","10.9059","216","129","8.3","12.9","4.1","2","63","1478","562","2","33.3","0","31","-16.6","8.9"
"799","Sonneberg-Neufang","50.3746","11.1828","626","70","6.3","10","3.5","3","73","1461","941","3","29.4","27.6","41","-14.5","6.4"
"800","Sontra","51.0607","9.9266","265","79","8.1","12.5","3.3","2","72","1306","680","2","31.1","0","37","-17.1","9.1"
"801","Sooden-Allendorf. Bad","51.2801","9.9849","199","43","8.9","13.1","4.5","2","72","1306","645","2","32.3","0","34","-16.3","8.5"
"804","Stammbach-Querenbach","50.1531","11.7403","598","36","6.6","11.2","2.4","2","68","0","1017","3","31.2","0","45","-19.2","8.8"
"809","Oberharz am Brocken-Stiege","51.6681","10.8823","494","55","6.6","10.9","2.4","2","70","0","822","3","29.7","0","40","-19.1","8.5"
"811","Stötten","48.6657","9.8646","734","69","7.2","10.9","4.1","3","68","1695","1058","4","29.6","34.2","47","-14.6","6.8"
"812","Wagersrott","54.6654","9.805","40","42","8.2","11.6","4.9","2","69","1433","750","3","28.4","0","32","-11.8","6.7"
"813","Straubing","48.8275","12.5598","350","76","8.4","13.2","3.9","2","66","1702","700","2","32.6","26.5","35","-18.2","9.1"
"814","Stuttgart (Neckartal)","48.7896","9.2167","224","69","11","15.4","7","1","61","1835","641","2","34.7","0","37","-11.1","8.4"
"815","Stuttgart-Stadt","48.7693","9.1814","286","192","9.9","14.1","6.2","2","65","1669","658","2","33.2","24.4","41","-11.4","7.9"
"816","Stuttgart (Schnarrenberg)","48.8282","9.2","314","59","10","14.2","6.1","2","66","1673","647","3","33.4","27.1","38","-12.4","8.1"
"817","Stuttgart-Echterdingen","48.6883","9.2235","371","76","8.9","13.3","4.6","2","66","1708","705","3","32.8","26.6","38","-14.9","8.8"
"818","Stuttgart-Hohenheim","48.7091","9.2147","401","96","8.5","12.9","4.5","2","63","1717","676","2","32.1","0","36","-15.3","8.3"
"821","Tann/Rhön","50.639","10.0228","395","30","8.3","12.6","4.1","2","69","0","770","2","31.7","0","35","-15.8","8.5"
"824","Teterow","53.761","12.5574","38","69","8.3","12.3","4.7","3","65","1556","535","4","32.3","32.5","30","-14.5","7.6"
"825","Worpswede-Hüttenbusch","53.2758","8.9857","7","65","8.8","12.9","4.6","3","69","1320","744","3","31.7","0","34","-14.3","8.3"
"826","Teuschnitz","50.4002","11.3889","633","69","6.6","10.6","2.7","2","68","0","972","3","30.2","0","44","-17.9","7.9"
"828","Tholey","49.4738","7.0386","386","70","8.5","12.8","5.3","3","66","1516","955","3","31.8","28.7","41","-11.3","7.1"
"831","Tirschenreuth-Lodermühl","49.8576","12.3542","500","49","7.2","11.6","3.1","2","73","0","692","3","31.1","0","34","-18.5","8.5"
"832","Titisee-Neustadt-Langenordnach","47.9394","8.1933","870","50","6","11.5","1","1","65","1649","1233","2","30","0","49","-21.4","10.4"
"833","Tönisvorst","51.2897","6.4437","37","135","9.9","14.3","6.2","2","64","0","772","3","33.3","0","34","-10.5","8.1"
"834","Torfhaus im Solling","51.7643","9.5628","491","35","6.3","9.9","3","2","66","0","1096","3","28.7","0","43","-16.1","6.9"
"835","Torgau","51.5833","13","80","139","8.9","13","4.8","2","66","1638","536","3","33.3","0","37","-16.9","8.2"
"836","Traunstein-Sparz","47.8663","12.6566","626","63","7.4","12.2","3.3","2","63","858","1517","2","31.5","0","70","-18.5","9"
"837","Traunstein-Axdorf","47.8516","12.6182","635","33","8","12.6","4.3","2","64","1507","1431","2","31.2","0","59","-15.3","8.3"
"838","Travemünde","53.9619","10.8892","2","65","8.5","11.8","5.4","2","65","1626","629","3","30.3","31.1","32","-12.6","6.4"
"840","Tribsees","54.0661","12.7675","10","67","8.6","13","4.6","2","56","1673","614","3","32.8","0","31","-14.9","8.4"
"841","Trier-Zewen","49.7326","6.6131","132","228","9.8","14.4","5.6","2","67","1254","733","2","33.4","0","33","-11.8","8.8"
"842","Trier-Petrisberg","49.7479","6.6582","265","85","9.5","13.9","5.6","2","69","1583","741","3","33.8","30.7","34","-11.8","8.3"
"843","Trochtelfingen","48.3132","9.2472","700","46","5.7","11.5","0.3","2","71","0","788","2","29.7","0","33","-23.4","11.1"
"846","Trostberg","48.0311","12.5396","559","99","8.2","13","3.7","2","65","0","1047","2","32.6","0","50","-17.1","9.3"
"847","Tübingen","48.5198","9.0515","370","33","8.5","13.5","3.9","2","68","1644","0","2","32.7","26.2","0","-16.3","9.6"
"851","Überlingen/Bodensee","47.7713","9.1562","446","57","8.9","13.2","5","1","66","1660","857","2","31.5","0","45","-12.9","8.2"
"852","Ueckermünde","53.7444","14.0697","1","80","8.3","12.2","4.7","3","66","1619","547","3","32","28.1","32","-15.6","7.4"
"853","Uelzen","52.9414","10.5289","50","129","8.5","12.6","4.4","2","65","1504","624","3","32.1","0","32","-15.7","8.2"
"854","Gollhofen","49.5741","10.1916","308","80","8.7","13.1","4.3","2","65","0","642","3","33","0","37","-16.4","8.8"
"855","Ulm","48.3837","9.9524","567","133","8.1","12.4","3.9","2","69","1631","727","2","31.6","24","37","-15.6","8.5"
"857","Unterlüß","52.8499","10.2898","95","71","8.4","12.9","4.1","1","70","0","780","2","32.5","0","33","-16","8.8"
"858","Uttenreuth","49.5933","11.0704","291","35","8.6","13.8","3.5","1","64","1453","750","2","33.5","0","36","-17.3","10.3"
"859","Villingen-Schwenningen","48.0453","8.4608","720","135","6.6","11.9","1.7","2","66","0","865","2","31.3","0","42","-20.1","10.2"
"860","Visbek","52.8318","8.3112","51","30","8.7","12.3","5","2","70","1306","779","3","30.9","0","37","-14.6","7.5"
"862","Vogtsburg-Oberrotweil","48.0908","7.6353","223","96","10.2","14.8","6","2","64","1690","697","2","33.9","0","37","-13.3","8.8"
"865","Waghäusel-Kirrlach","49.2445","8.5374","105","31","11","15.6","6.6","1","59","0","671","2","35.4","0","34","-11.7","9"
"867","Wahlsburg-Lippoldsberg","51.6184","9.5761","176","68","9","13.2","5.1","1","69","1147","795","2","32.5","0","35","-14.9","8.2"
"868","Wittenborn","53.9223","10.2268","35","35","9","13","5.2","3","69","0","856","4","32.4","0","37","-12.7","7.8"
"869","Wahnsdorf bei Dresden","51.1197","13.6744","246","57","8.5","12.4","5","3","68","1674","637","4","32.4","36","41","-15.5","7.4"
"872","Waldeck","51.207","9.0658","376","54","7.8","11.4","4.2","2","75","0","616","2","30.1","0","34","-14.5","7.2"
"873","Waldems-Reinborn","50.2596","8.3607","380","65","8.5","12.3","4.9","2","66","1437","738","3","31.1","0","36","-13.8","7.4"
"874","Waldhäuser (National Park)","48.9293","13.4641","940","32","5.7","9.7","2.6","2","64","1514","1333","2","27.7","23.2","56","-15.7","7.1"
"876","Waldshut","47.6172","8.2388","330","54","9.1","14.1","4.9","1","66","0","1094","2","33","0","50","-13.9","9.3"
"877","Waltershausen","50.8963","10.5484","348","134","7.8","12.7","4.4","2","65","0","714","3","33","0","37","-15.1","8.4"
"878","Wangerooge","53.7852","7.8533","4","65","9.1","11.7","6.7","3","67","1524","780","4","29","0","33","-8.3","5.1"
"880","Waren (Müritz)","53.5196","12.6654","73","127","8.1","12.1","4.6","2","69","1582","582","3","31.9","25.6","30","-14.6","7.5"
"881","Wartenberg-Angersbach","50.6271","9.442","270","94","8.2","13","3.7","1","72","0","686","2","32.2","0","33","-17.3","9.2"
"882","Wasserburg","48.0572","12.2202","443","45","7.9","13.2","3.6","1","67","0","1083","1","32.2","0","52","-17.9","9.6"
"883","Wasserkuppe","50.4973","9.9428","921","93","5.1","8.4","2.4","4","72","1572","1092","5","27.2","35","42","-15.4","6"
"885","Weiden","49.6663","12.1845","440","70","7.7","12.4","3.5","2","66","1593","684","2","32.6","23.2","35","-17.7","8.9"
"886","Weidenbach. Kr.Ansbach","49.1965","10.6487","425","53","7.5","12.4","3.3","2","61","0","669","2","31.7","0","34","-19.4","9.2"
"888","Weilburg (Kläranlage)","50.4732","8.2588","150","106","8.6","13.2","4.2","2","70","0","737","2","32.2","0","34","-14.9","8.9"
"889","Weimar","50.9751","11.3076","264","125","8.5","13.2","4.5","2","67","1477","550","3","32.9","29.8","34","-16.1","8.7"
"891","Weinbiet","49.3758","8.1213","553","63","8.3","12","5.3","4","66","1677","594","5","32","39.4","33","-12.2","6.7"
"892","Weinsberg","49.1512","9.292","219","83","9.4","14.2","5.2","2","68","1528","735","2","33","0","36","-14.7","8.8"
"894","Weiskirchen/Saar","49.5534","6.812","380","60","9.1","12.9","5.5","2","67","1509","1206","2","31.8","0","48","-11.6","7.5"
"895","Weismain","50.0858","11.2364","317","51","7.5","12.6","2.8","2","67","0","755","2","32.3","0","36","-18.3","9.7"
"897","Weißenburg-Emetzheim","49.0116","10.9308","439","135","8.2","12.8","3.9","2","67","1727","663","3","32.7","25.8","36","-18","8.9"
"898","Weißenfels","51.2002","11.9154","109","111","9.6","14.2","5.9","2","64","0","492","2","34.4","0","35","-13.9","8.3"
"903","Wendelstein","47.7035","12.0119","1832","61","2.5","5.7","0","4","67","1698","1871","5","22.8","47.9","72","-18.6","5.9"
"905","Mühlhausen. Kr. Schweinfurt","49.9622","10.0482","216","37","8","12.9","3.4","2","66","0","567","3","32.5","0","30","-19","9.5"
"906","Wernigerode","51.8454","10.7686","234","69","8.8","12.7","4.6","2","71","1467","561","3","31.9","32.3","38","-16.3","8.1"
"907","Wertheim-Eichel","49.7667","9.5428","140","123","9.1","14","4.9","1","63","1289","683","2","33.9","0","37","-14.1","9.1"
"908","Westerland","54.8991","8.3123","3","89","8.2","10.8","5.6","4","69","1700","714","4","28","0","32","-10.6","5.2"
"909","Fehmarn","54.5284","11.0605","3","68","8.7","11.4","6.1","4","65","1753","553","5","28.4","31.3","30","-9.5","5.3"
"912","Wiesbaden-Dotzheim","50.0863","8.1872","235","41","8.4","12.7","4.8","1","65","0","695","2","31.8","0","36","-12.9","7.9"
"913","Wiesenburg","52.1207","12.4585","187","30","9.2","12.6","5.1","3","71","1544","594","3","33","26.9","34","-13.6","7.6"
"914","Wildbad. Bad-Calmbach","48.7848","8.5764","385","106","8","13.3","3.8","1","63","0","1238","2","32.1","0","55","-14.7","9.6"
"916","Wildungen. Bad","51.1056","9.1081","310","63","8.1","12","4.2","2","75","1357","631","2","30.8","0","35","-14.9","7.8"
"917","Wilhelmshaven","53.5901","8.106","1","117","8.5","11.7","5.6","2","65","0","748","3","29.9","0","33","-11.3","6.1"
"920","Wittenberg","51.8892","12.6445","105","79","9","13.6","5.2","2","68","1637","572","3","34.1","27","33","-15.4","8.4"
"922","Wittstock-Rote Mühle","53.1864","12.4949","66","80","8.7","13.4","4.6","2","58","1505","577","3","33.8","0","29","-15.2","8.8"
"923","Witzenhausen","51.3493","9.8438","133","99","8.7","13.2","4.5","2","70","1489","659","2","32.2","0","37","-16.2","8.7"
"924","Wörnitz-Bottenweiler","49.2178","10.2296","464","59","7.9","12.5","3.5","2","64","1624","824","3","32.4","0","38","-19.5","9"
"926","Wolfach","48.2953","8.2391","291","58","9.7","15","5.5","1","67","1413","1277","1","34.4","0","51","-12.7","9.4"
"928","Wolfsburg (Südwest)","52.3962","10.6892","82","35","9.8","14","5.9","2","65","0","660","2","34.2","0","34","-13.1","8.1"
"930","Worms","49.6051","8.3659","88","120","10.3","14.6","6.2","2","66","0","558","3","34","0","34","-11.4","8.4"
"931","Würzburg (Klärwerk)","49.7964","9.8949","170","37","9.3","13.7","4.9","1","68","0","580","2","32.7","0","30","-15.5","8.8"
"932","Würzburg","49.7703","9.9577","268","70","9.4","13.9","5.3","2","66","1651","592","3","33.8","29.7","33","-14.1","8.6"
"933","Würzburg (Physikalisches-Institut)","49.7995","9.928","175","72","8.8","13.6","4.7","2","66","0","576","2","32.3","0","33","-15.1","8.8"
"935","Wuppertal-Buchenhofen","51.2248","7.1053","130","109","9.5","13.5","5.8","2","68","0","1116","3","32.6","0","41","-11.8","7.7"
"938","Wutöschingen-Ofteringen","47.6783","8.3801","398","62","8.8","14.1","4.4","1","67","0","998","2","33.6","0","46","-14.3","9.7"
"939","Wrixum/Föhr","54.6928","8.5271","8","116","8.5","11.4","5.8","4","67","1631","732","4","28.1","15.2","33","-9.3","5.6"
"940","Zehdenick","52.9664","13.3268","51","84","8.6","13.1","4.4","2","65","1514","543","3","33.4","27.9","33","-16.6","8.6"
"941","Zeitz","51.0314","12.1495","170","64","9.2","13.3","5.4","2","65","0","582","3","33.6","22","39","-15","7.9"
"942","Zerbst","51.9642","12.0996","69","77","8.5","13.1","4.1","2","64","0","529","3","32.3","0","32","-16.6","8.9"
"944","Zinnwald-Georgenfeld","50.7314","13.7516","877","45","4.9","8.1","2.1","3","72","1477","1000","4","26.9","29.7","56","-16.5","6"
"945","Zugspitze","47.4209","10.9847","2964","116","0","0","0","4","67","1800","1775","5","13.9","54.3","57","-25.4","5"
"946","Lichtentanne","50.6878","12.4329","353","135","8.3","12.9","4.4","2","67","0","707","3","32.8","27.4","43","-16","8.3"
"948","Zwieselberg","49.0007","13.2137","615","57","6.4","11.9","1.5","1","65","1606","1023","2","30.8","0","44","-20.8","10.2"
"950","Berge","52.6198","12.7867","40","63","9.1","13.8","5.4","2","64","1677","514","3","34.5","25.6","31","-13.8","8.4"
"955","Kirchheim/Teck-Ötlingen","48.6582","9.4203","289","96","8.7","13.9","3.7","2","62","0","763","2","33.4","0","37","-17.2","10.1"
"956","Kohlgrub. Bad (A)","47.6777","11.0473","850","47","6.8","10.7","2.9","2","63","1614","1481","3","28.7","0","64","-16.9","7.8"
"958","Mannheim","49.509","8.5541","96","135","10.4","14.7","6.2","2","66","1699","601","2","34.5","24.2","36","-12.5","8.5"
"959","Melsungen-Bürstoß","51.1318","9.5189","254","68","8.5","13","4.3","2","73","0","695","2","32.3","0","36","-16.1","8.6"
"960","Neuwied","50.4485","7.4275","91","109","9.6","14.1","5.3","1","65","0","708","2","33.3","22.1","35","-13.4","8.7"
"962","Reit im Winkl","47.6754","12.4698","685","78","6.4","12.1","1.4","1","61","1613","1727","2","31.6","0","68","-21.2","10.6"
"974","Dörpen","52.9542","7.3196","8","57","9.3","13.2","5.5","2","68","1381","786","3","32.1","22.6","34","-12.2","7.7"
"999","Nossen","51.0507","13.3003","308","67","8.5","12.7","4.5","3","57","1605","657","3","32.6","25.5","41","-17.8","8.2"
"1009","Aulendorf-Haslach","47.9655","9.6804","565","54","7.8","12.3","3.7","2","70","1635","875","3","31.1","0","42","-17.5","8.6"
"1011","Neuglobsow (HM)","53.1424","13.0319","62","37","8.2","12.4","4.4","2","68","1325","567","2","32","22.3","34","-14.9","8"
"1054","Hersdorf-Weißenseifen","50.1505","6.5526","530","47","7.3","11.1","4","2","73","1428","997","3","29.7","0","38","-13.3","7.1"
"1058","Hamburg (Deutsche Seewarte)","53.5467","9.9716","29","54","8.6","11.8","5.7","3","69","0","734","4","30.3","0","34","-11.2","6.3"